global_step,timesteps,episodic_return_mean,episodic_return_std,wall_time_s
20000,20000,-1485.5998357395033,963.2677181841684,3.188180923461914
40000,40000,-1085.9558575089952,320.12312446878593,6.979332208633423
