global_step,timesteps,episodic_return_mean,episodic_return_std,wall_time_s
10000,10000,-290.029069467078,135.21005454290125,1.712893009185791
